customer_id,first_name,last_name,email,phone_number,loyalty_degree,customer_address
1,Victor,Reed,uBXvZlcHBg@TDBEc.com,2619142097,3,320
2,Michael,Cook,UPxEfyUMUC@UNLyL.com,5067862620,3,265
3,Jose,Anderson,kPSHEaGcTQ@MNOsX.com,8011355067,3,405
4,Jesse,Anderson,oZHbOrykeh@GRvom.com,5341572200,2,538
5,Antonio,Morris,tebldcBbSj@eHVHl.com,1288120527,1,451
6,Eric,Martin,rJnxYVtFdc@WtGFD.com,3327473156,5,117
7,Robert,Thomas,ImHAfMKGso@ZoTAL.com,9137037832,2,13
8,Shawn,Lee,khkejjXhZG@RVwaQ.com,7818908039,4,214
9,Dennis,Adams,VYWdlgQUDe@BkcXs.com,8577479354,2,125
10,Henry,Murphy,xRyOCRMsiQ@JkgJp.com,5726368714,3,61
11,Matthew,Jones,wYqBRknvgM@hmrzC.com,4858071912,2,169
12,Steven,Nelson,zqrWVCVgVg@RqkJk.com,8686122445,5,205
13,Craig,Hill,lyDsrnyIDe@hwTWK.com,7860372967,5,327
14,Brandon,Howard,uFpaCYTUUM@JTclb.com,3330688611,5,421
15,Roy,Watson,lxJwjumvLA@lzWlp.com,6144405320,5,499
16,Billy,Peterson,TwpSYofHld@aJjIG.com,1789236894,1,507
17,Jeffrey,Patterson,QjCpYIrMYu@BgxYF.com,4551596599,5,279
18,Antonio,Thompson,vPpENssQLl@cngpH.com,6085982388,4,349
19,Earl,White,ZSMwkDFbJi@JWArN.com,3589342862,5,504
20,Ryan,Rodriguez,xcUsJJPMoM@aPpja.com,6795732424,4,355
21,Howard,Phillips,BzcjCxDuXz@sqdUO.com,9115986790,3,316
22,Kenneth,Carter,ClbVJhlRCT@ijIyi.com,8970558451,4,392
23,Roy,Johnson,skWSUQoQKF@xTxLg.com,4719683991,1,432
24,Ernest,Phillips,RqVqVDFHQI@WrtIm.com,8543713312,4,216
25,Alan,Kelly,WOYYnVRoAJ@WfCeH.com,1713934382,3,264
26,Paul,Wright,OvhFIkOfvQ@RYsox.com,8864402480,5,446
27,Roger,Martinez,ITRFNjbBgy@rIbJR.com,1639287503,5,6
28,Roger,Roberts,REQHgESjtz@awdBV.com,9795851212,1,253
29,Victor,Martin,YDUJfrNDea@LLPWo.com,2011709569,5,301
30,Wayne,Richardson,aiHkDApyWm@FznDY.com,9091823167,1,86
31,Craig,Johnson,bCntGNZNtQ@MjUAX.com,8786850091,1,556
32,Brian,Clark,OrMAavzsLi@uJvVa.com,9737456303,3,331
33,Michael,Lopez,srYfUjFqpt@mXyAs.com,8049448514,3,39
34,Clarence,Martinez,jqCxBztOVB@HCtaH.com,1849880218,1,1
35,William,Edwards,dloTtWKgZT@XFbuJ.com,9602649766,1,561
36,Ronald,King,LUZpBYRitT@daBOD.com,3426299677,4,323
37,Benjamin,Hughes,aBVzBTKbhy@DXeni.com,5460620636,4,79
38,Joseph,Young,wrVrWiwRFL@VeqmB.com,7460662294,4,101
39,Fred,Adams,HBBtfOJSDn@LEJAH.com,9390276767,2,575
40,Samuel,Bailey,iYHgxopmre@lpesU.com,4681829363,4,295
41,Andrew,Smith,IGPNshGTmc@bpfSW.com,3908501518,5,385
42,Peter,Long,pKIZsAVQfx@Smxax.com,6762261845,2,472
43,Roy,Cox,YyCqNdcpmj@sLUxL.com,5601872465,2,216
44,Victor,James,gSOSmmZKKn@TjojR.com,3327322639,2,333
45,Peter,Coleman,VDTSMFEyMO@Bhmwa.com,1657127808,5,597
46,Brandon,Robinson,wedDFdSCdL@Wvnvy.com,2508306825,4,100
47,Thomas,Stewart,SdYjkRMEAH@RkIQS.com,6874397190,5,388
48,Joseph,Smith,YLKxUxhBue@SAKMh.com,4627095601,3,211
49,Ralph,Coleman,TJcbmAvtlQ@KNGHI.com,3280098337,2,577
50,David,Edwards,mDCROAqfLt@wUDxM.com,6356969983,2,23
51,Phillip,Cox,alqVVpTSMq@AKKLS.com,4473770800,1,409
52,Justin,Allen,cXeqqqgnoZ@Phugk.com,1990093222,2,226
53,Antonio,Watson,HihxxelhbJ@KiCMo.com,5551974797,1,287
54,Christopher,Clark,SzSmcPfGog@jCSxB.com,8770695859,1,91
55,Gregory,Hall,RZLaCshEQv@hGBiy.com,1000444162,4,297
56,Phillip,Patterson,WfypOKcgcN@DWuqO.com,1475065228,4,144
57,Jerry,Carter,XPSybKBcyT@HErMo.com,8405336272,2,413
58,Jose,Brooks,jReGkGvOpi@OVBJF.com,1482843991,4,90
59,Eugene,Taylor,BoLnxRmPtl@xYaKI.com,4587743085,2,87
60,Ronald,Harris,ezygbKLgdc@pFzVO.com,5703737164,2,162
61,Phillip,Washington,QyyodoYRsq@PXiRP.com,7651739562,2,137
62,Christopher,Robinson,dKCCPJSaHe@cUnUp.com,1377445166,3,255
63,Jerry,Powell,DAmxcZbNWB@moGQC.com,6804839195,2,581
64,Brandon,Baker,ZRNLznFwtX@RwJPz.com,5640141747,1,109
65,Steve,Edwards,jepwvpCGxZ@ljMYE.com,1612230284,5,176
66,Nicholas,Young,RhVWLESZVb@BxRrP.com,7780171029,4,370
67,Paul,Phillips,InBCCGxjJR@CyoxW.com,9729040624,3,154
68,Jesse,Campbell,RqUEnwYMyl@YxDyi.com,5265937730,4,14
69,Walter,Miller,MmLkkSkPPL@HniFW.com,6591339395,1,57
70,Frank,Wilson,dzgcgmjlcu@WrBtJ.com,8523124381,2,441
71,Matthew,Watson,dIpDUeXnme@oDjai.com,4131053560,1,502
72,Harold,Wood,UNMPHGCCEO@ceJyZ.com,9308304204,5,500
73,Christopher,Thomas,VBwkSpyqgZ@VRord.com,4820914514,1,289
74,Frank,Washington,NBBJdrkuqd@utdZc.com,3831960623,1,446
75,Bruce,King,SVjHKeBIuU@eKjeW.com,4614156670,1,425
76,Craig,Martin,uGaNrGQsHP@MCrLk.com,4328589746,5,132
77,Jerry,Martinez,cNcYPnsWBw@eVkHY.com,4066468721,2,376
78,Harry,Bell,KeCwStwCIN@TRaZS.com,7709881305,3,298
79,Mark,Clark,zXGBJtIgvY@XXdfu.com,2307892740,2,341
80,Jimmy,Cook,SCnaoGtesL@sdgbn.com,3298344314,2,291
81,Edward,Barnes,hrHCHgzsKs@uDktn.com,9904301414,1,392
82,Ernest,Garcia,bKXIilaYtg@yOdrp.com,2656342932,3,475
83,Douglas,Phillips,yvtDgKQZOj@pghzN.com,9730305504,1,31
84,Clarence,Gray,wtWCowMlAh@jUijI.com,7229372802,3,582
85,Benjamin,Ross,zRnKLDpDfH@nifCq.com,5266261507,5,273
86,Eric,Smith,bNampqPShI@QcoPv.com,4194985892,2,472
87,Alan,Bailey,OypAUFXwls@lnwxt.com,5893012022,4,95
88,Roy,Martinez,XmcdtcyPUa@XZtbL.com,8068709840,1,110
89,Harold,King,yEIxaPvDxy@FzMqi.com,7408544235,4,23
90,Edward,Rodriguez,zYcNqcxXof@FHMeH.com,9192698793,1,377
91,Eugene,Wood,HYUzVzrsyl@zVuHt.com,9910266958,4,122
92,Jimmy,Richardson,UJAXJgBNlD@rUxgd.com,7537090403,4,280
93,Roy,Wilson,iWOSSxWISw@CdDgZ.com,1616780226,4,157
94,Alan,James,apHInXRagO@bjVvq.com,9574183936,2,531
95,Alan,Walker,uAFPTIIren@jAHfU.com,4716643535,2,460
96,Daniel,Martinez,jEOkfxkJdE@yiZAb.com,8356698068,1,380
97,Larry,Hall,nFHbPIqBfC@ndLRK.com,7442926881,1,362
98,Russell,Lee,hKTpwbhSBY@HaIMX.com,1182625191,3,470
99,Jeffrey,Miller,NFpvVcOMvP@lnTjY.com,4106336162,3,504
100,John,Howard,pmGhFeHuce@EeMus.com,2749166051,2,429
101,Shawn,Hill,RxqUDtlGvl@qKMJl.com,2023042919,2,66
102,Antonio,Torres,qCNCjSJjkV@yjMHo.com,6093796013,1,198
103,Scott,Clark,PDwIoCYrtG@WGLMZ.com,2338749066,2,527
104,Paul,Robinson,fTUoBLFFAD@uPhzp.com,9616562508,1,378
105,Douglas,Hernandez,dmlEKPUkmC@BECQu.com,1844649443,4,231
106,Keith,Lopez,HWZbRArYrT@SZdWb.com,3154208334,1,2
107,Howard,Stewart,oNpgjSwpLw@kZfjn.com,2734498207,3,238
108,Chris,Morgan,xLMIQUCOrM@EBHnN.com,4954146139,2,177
109,Carlos,Patterson,SUqUmYpWhx@rKKjQ.com,8353695639,4,283
110,George,Nelson,tpPWFMoadA@TAGrs.com,7165030444,3,193
111,Gerald,Moore,FSmbJBkkXW@sOEMQ.com,4811755245,5,44
112,Todd,Mitchell,NgUEUSzjHH@GBiNa.com,7377572184,1,490
113,William,Brooks,KETmqICEpF@rnEny.com,9857267487,1,195
114,Bruce,Lopez,rUObInVIsz@fGjrK.com,8765031080,3,290
115,Thomas,Gonzalez,VkgNvMPbkv@ASZtK.com,2949784508,1,96
116,Roger,Sanders,weOYQeqGhg@CLxLm.com,5854908329,5,257
117,Daniel,Price,whdspjSJOl@GEXpd.com,6183334389,2,377
118,Keith,Bell,OSraSyokep@JuUMM.com,7946342952,3,429
119,Louis,Thomas,uEBmUQNFGo@xUlnJ.com,1162072280,3,235
120,Gregory,Murphy,lppVNFZJnB@OztRM.com,6539999977,5,44
121,Paul,Martinez,aGHGeTIxLx@AZFrp.com,8590951701,4,531
122,Aaron,Ward,YONbhpcZOd@beENc.com,6078922809,5,491
123,Anthony,Adams,LolVOyMGcr@ZpFSy.com,1538052637,1,325
124,Henry,Cox,iqcjlkMhgz@tXcKy.com,5091419119,2,539
125,Todd,Cox,xZOEItXfZk@QbMPK.com,2288928197,2,352
126,Roger,Evans,MAiDsTeisV@EgCnn.com,8805636621,3,117
127,Henry,Morgan,oHIUMUJivV@TrACb.com,8481647528,4,498
128,Anthony,Jones,FTgjqGZDGl@esOvW.com,3862583566,2,554
129,Matthew,Kelly,rNpshplRyl@YYdNf.com,1450316187,3,362
130,Eugene,Bailey,YRyGAbAfdM@vEWCt.com,7230737225,3,300
131,Peter,Mitchell,dMOpRDbGOb@RUCiA.com,2515254395,5,326
132,Gerald,Walker,rkBYXncgUz@msrYL.com,2320202317,5,582
133,Steve,Rogers,qgeStarqfC@jCYsF.com,2977742875,3,372
134,Ernest,Roberts,HOkwiEmAAV@zwSfn.com,2071795181,4,329
135,Eugene,Rivera,qJOEPRyvgV@icHta.com,6064625344,5,600
136,Patrick,Phillips,SZTSfcCrvE@jCNlG.com,3373562039,5,118
137,Carl,Bailey,dZZctNSzjO@BFipn.com,9335759671,5,559
138,William,Thomas,nsBPyzXAva@GlVPL.com,4098323816,5,339
139,Craig,Harris,jliHBQMXYP@nnswk.com,2773598588,1,99
140,Gerald,Jones,fmJFVEOhep@ybUUT.com,7555319717,1,105
141,Justin,Brooks,UlFxguxDlI@YjXTO.com,4696380753,3,241
142,Louis,Stewart,gCqoApknNR@GHygC.com,2959230092,1,400
143,Billy,Lopez,OUtHhPjsno@pFAJu.com,8500202222,1,310
144,Aaron,Brooks,MkAIVggCcp@BTemF.com,3480416448,4,185
145,Clarence,Ross,EaUfkMCwrK@hQArj.com,4722739724,5,126
146,Billy,Perry,MYWkCmfszw@kAXHB.com,4682241151,5,95
147,Shawn,Taylor,eqBBTOUvNu@dCXeO.com,6135383262,1,340
148,Richard,Wood,FjvyhwupFY@mctIW.com,4590987256,1,449
149,Albert,Collins,FzfESyNCwd@SJGVi.com,4297162745,5,265
150,Wayne,Hughes,eKKdBHwiMz@zRPTq.com,3696482001,2,396
151,Sean,Turner,DuBQdizxBx@Vopcs.com,7707599075,2,124
152,Juan,Rogers,AzBUaDGwsW@MdEwD.com,8691551758,4,583
153,Harry,Young,hrDBoNyILF@CRpoi.com,3745392197,3,315
154,Aaron,Morgan,NRsdvRmWHp@bYRRM.com,3459661902,2,290
155,Jonathan,Lee,WmxijApFXd@oFJbO.com,5558650306,4,344
156,Arthur,Allen,vqlrSyJqyi@GcVRE.com,6313356320,3,70
157,Sean,Ross,SMixshIpbl@tasft.com,1589223435,3,9
158,Eric,Edwards,BVyCVNkpvp@BscQF.com,9671232181,4,90
159,Steven,Cook,AYZPDfVlmL@BcRdE.com,4051200893,1,360
160,Jimmy,Jackson,NjFZJEutjf@tOJbw.com,3232877929,1,384
161,Chris,Kelly,sYBwHnMiFm@qeYjK.com,6583165784,2,565
162,James,Adams,wcRWFbMKfy@DIFpi.com,1785003743,2,569
163,Gerald,King,pRzcdwIZVw@AYAZq.com,4216965996,3,427
164,Todd,Mitchell,PliCDKwjuA@zqGoq.com,1978923999,1,311
165,Carlos,Scott,TgBEKbKOnA@jkkCz.com,4261129361,5,284
166,Robert,Anderson,oGiRqXSIdt@pzuVc.com,5322937081,3,61
167,Jimmy,Wilson,oQvcmZcOBj@MEQmx.com,8607957885,3,362
168,Jeffrey,Gonzalez,ySIksinCjx@UmCwq.com,7667892931,1,2
169,Ryan,Green,WPPRHDpJfU@hWaby.com,5951301959,5,343
170,Frank,Gonzalez,TWIZLsujXg@fshKO.com,2829445324,5,218
171,Timothy,Collins,nKxPfIoRQI@SpEGo.com,5585149420,2,212
172,Earl,Richardson,cGvApzNxCG@vVuci.com,9286823475,1,321
173,Bruce,Hernandez,oFFxLwoqhA@AQpIy.com,8654041169,4,402
174,Fred,Evans,dzWwTfiuNV@LHVST.com,9699667872,2,263
175,Gary,Howard,zguvknmgzf@DlOlx.com,3524865364,2,290
176,Jose,Thompson,PziImcRVVa@ipdat.com,6300759460,5,499
177,Jesse,Kelly,KbBOREaiql@LFjLy.com,3696552704,4,317
178,Ryan,Wilson,UHQncjvfNh@ORZVP.com,3482240792,2,89
179,Stephen,Howard,bKRLLupIKj@XAPOU.com,4035578981,4,446
180,Phillip,Wright,zrJJyMgBPg@lHYRE.com,6453878887,4,236
181,Joseph,Collins,VFnUNfJmmI@kKIiu.com,7983988276,4,491
182,Shawn,Robinson,ZQRUiJLgXf@uWgYp.com,5226122133,2,270
183,Jose,Phillips,mQPlybAiQh@Gctwp.com,2872061351,3,145
184,Charles,Turner,PbJIMyoDLH@gVpuy.com,8862512136,4,328
185,Harry,Barnes,AQXbPuaTNl@bNPEj.com,5203801150,5,498
186,Craig,Evans,fGzPVrbjur@CGMLK.com,7257218531,4,173
187,Kevin,Murphy,nCdhzckkEP@YMGKP.com,7765970162,4,84
188,Jesse,Perry,UMYQihzBwL@imhEO.com,5586175934,1,29
189,Dennis,Perez,gSkMJEdsMZ@GiUNk.com,2856621048,5,178
190,Samuel,Perry,eOsxRIYABF@pxcpx.com,7478198062,2,555
191,Robert,Hill,nKqrrazuhP@nVklD.com,9487907438,1,369
192,Phillip,Reed,pbslpYtTDw@CIMXQ.com,9719407924,5,239
193,Victor,Patterson,IbIoEIPvFB@yMDLt.com,4173007765,2,536
194,Robert,Cooper,jiTWGJrVuY@BVyJv.com,9848606552,5,62
195,Bobby,Bailey,LylGKidJBL@fswPk.com,8741357270,5,269
196,Bobby,Hughes,xbMAuiEDCM@NEFan.com,7810712399,5,181
197,Gerald,Perry,UCXXFjznHF@mmstT.com,8581919464,5,432
198,Samuel,Martin,pqqEFnvJhX@QPitC.com,6158608133,2,406
199,Scott,Jenkins,nVjyQBqzCb@steBf.com,6933471102,3,407
200,Brian,Green,DByKykMnMD@xYygr.com,9320103189,1,268
201,Kenneth,Adams,uABVPCvKAP@lbbkU.com,5788012671,4,330
202,Victor,Brooks,JfjuZWbVVV@fILAl.com,8866158954,5,24
203,Walter,Bailey,SdJdgmPzzc@JXtuE.com,5570690856,4,477
204,Randy,Jones,kbNNWlhsvX@Lbpkd.com,6691067438,3,76
205,Stephen,Jones,FgLLfqZkhk@cVUnK.com,8108514088,2,221
206,Arthur,Campbell,EiAtPADWPi@jmmaK.com,9411417462,4,297
207,John,Coleman,iJwRoUYkmF@qTSuh.com,4492053947,5,175
208,Jimmy,Jones,oonSzroshy@swuIJ.com,8421444552,2,286
209,Andrew,Lee,xCsCoIMRGx@vGxLC.com,6664331873,4,332
210,Steve,White,sGeLHvilZP@BqBcZ.com,9040842172,2,559
211,Billy,Washington,vgvBggrCYO@uuQwj.com,7368434769,3,263
212,Brandon,Roberts,pDUyHJZapM@aIvTL.com,8371953820,5,565
213,Jonathan,Washington,YhRWaeAeuR@KHeeF.com,7682851843,1,46
214,Scott,Lee,bxIpKRrCvz@kXuTp.com,2967444567,5,98
215,Albert,Martinez,WcQdeguWcX@OZAOS.com,3510484254,2,261
216,Daniel,Howard,ArFPzXNhaD@JEPzr.com,1975642421,2,99
217,Eric,Evans,uTjfHzdAgY@mlPRj.com,3839951625,2,533
218,Russell,Walker,JgCwgwGTUI@MUDwy.com,3204900084,3,276
219,Jimmy,Morgan,dzNCphVDJJ@RsMoK.com,1166362853,1,225
220,Keith,Murphy,LNJCzcrnAj@WNBbY.com,9430772541,5,78
221,Richard,Powell,eNsuVjSkrn@TSvWV.com,3429848468,2,298
222,Timothy,Davis,gqErvBiUeX@nTANd.com,8701852655,3,395
223,Ernest,Brown,RKzCGReqFJ@LCXXH.com,7341253687,5,58
224,Christopher,Scott,NUYAiBQrJV@kLQzr.com,8594981614,5,304
225,Jeremy,Anderson,IaKyiGgpBw@tHXwk.com,1012640278,5,430
226,Jonathan,Peterson,HAiMoKPQgO@lGqwS.com,9280488064,1,341
227,Mark,Edwards,LIkqErJBDy@ldnUm.com,9874192403,2,122
228,Jesse,Collins,luXHjkomFG@bDfhA.com,5549916473,4,471
229,Harry,Mitchell,uoroxXSMsd@Hisdx.com,3500692924,4,238
230,Jason,Sanders,OayvlYJuih@vctTd.com,3586702098,1,429
231,Gregory,Gonzalez,amdkoeaRvH@Kuktj.com,2974203409,4,558
232,Michael,Anderson,mKZNRYJFTw@sIYTa.com,8401406832,2,537
233,George,Sanchez,cfBAQKdhlf@eLVMB.com,1757414099,1,336
234,Michael,Rivera,DyVzENmtxn@ieUta.com,6848076391,5,385
235,Walter,Washington,rNupsdgBka@ViGrf.com,5554657601,3,84
236,Donald,Garcia,uNCdAaQdoK@kkBfc.com,3625415388,4,185
237,Benjamin,Smith,QcIxNCLEYH@pplJt.com,7700441661,2,545
238,Wayne,Scott,GzeRBOfvZe@jJAkS.com,4990928592,1,236
239,Walter,Morgan,ozDtmerbXO@FHpth.com,6849604227,1,72
240,Jonathan,Hill,VbLItqHWkF@kEYZE.com,6065187945,5,101
241,Paul,Bailey,LxeOOcpKsb@hycNC.com,8662743092,1,595
242,Martin,Davis,gTkBpfxNuz@ckxZV.com,8633496465,4,337
243,William,Davis,JvJTBtsMKu@mLSze.com,4301445891,5,202
244,Billy,Coleman,JTGnDTCXoM@XTSYV.com,5022996475,3,175
245,Alan,Bell,rBxsIhqwao@pxrUi.com,5903978207,2,339
246,James,Smith,WoEeLGrZsd@nKWbW.com,4340211483,3,399
247,Henry,Perez,OvSgmzEZzg@HKYYY.com,4331053099,1,263
248,William,Price,zJBGGUfHOp@KTeCo.com,5236021004,5,57
249,Carlos,Ross,hBLrnArVNy@DmWtM.com,5645839808,3,415
250,Randy,Miller,AUQXGbtCwk@IrGWW.com,4645748979,3,184
251,Paul,Reed,CFzdbyePGD@YVZFa.com,8636265185,5,556
252,Louis,Harris,MtZUFAXzrJ@FnYCz.com,4334647434,2,586
253,Joseph,Rivera,saBiPbhRmW@Dkquf.com,1879045262,1,429
254,Jeremy,Reed,CpZplBwWcL@IspWc.com,2444082447,3,418
255,Thomas,Parker,bEdESIPAeU@vhDPK.com,9905940534,3,418
256,Randy,Smith,mtyzPERlch@Nceih.com,2936777399,5,475
257,Daniel,Scott,UdNvXWagUh@tMXwo.com,4822905832,5,110
258,Joseph,Bailey,vzpykJZEOi@ebYTi.com,4623331477,1,328
259,Terry,Campbell,KZQklYsZIK@mIEyi.com,4241369593,4,454
260,Juan,Carter,nrxFPBGniY@ZQrLk.com,2489174436,1,414
261,Albert,Mitchell,ZxIjBsQTud@mFwBZ.com,8254028917,2,24
262,James,Harris,lwQlYdvNXg@EPGqI.com,1101123963,2,477
263,Benjamin,Patterson,tdOlIsAJHG@xhuBB.com,7026394542,2,16
264,Larry,Rodriguez,OdtLSjvzLd@HmxBi.com,9842750181,3,220
265,Russell,Roberts,UtaYtdopdO@ANQbn.com,4584427887,1,263
266,Dennis,Patterson,MrQtqkgyRL@yIGIW.com,2661389132,1,455
267,Paul,Green,mXYcExqiWZ@UWKTs.com,7064027002,4,385
268,Benjamin,Bailey,njAxVAohBt@oropA.com,8384779087,4,330
269,Donald,Mitchell,aXXnFSwqAx@GYspm.com,9253517365,4,510
270,Philip,Gonzalez,VvaAylIyfC@VGulX.com,9734293306,5,576
271,Terry,Nelson,KHelXpCcFZ@snCjV.com,1990169426,4,497
272,Adam,Miller,rQMtiWfhks@HWdtH.com,8261046429,5,27
273,William,Ross,krrtYkCUNy@CTUUA.com,1477019340,5,257
274,Jonathan,Walker,zEkEEAvUaK@dPTiP.com,2050594764,2,463
275,Kenneth,Mitchell,dAYhIzTAPo@FAKre.com,8241961205,1,234
276,Lawrence,Washington,TqXYMrSMQx@yvcJB.com,7162371749,5,44
277,Shawn,Parker,TdzwoxDAQV@rimcM.com,2720123551,2,169
278,Eric,James,EmdoVLPsur@oZZbE.com,9124971379,2,353
279,Steven,Baker,rOhUSafNZZ@DlCJc.com,5832051905,4,493
280,Chris,Rivera,FPwruGCKIh@evzjE.com,1428806821,3,383
281,Michael,Lopez,jLpCrDlMaP@QTtjs.com,4026917643,5,283
282,Terry,Hernandez,horAREvCtm@eXESU.com,5235094932,1,509
283,Harry,Thomas,ZIjmkIxztZ@zmazj.com,2412652420,5,438
284,Steve,Williams,ZakdsXvgSa@jXTJl.com,2641332695,1,522
285,Matthew,Hall,ZcFLApNQGZ@KAFig.com,2428377157,1,568
286,Joe,Davis,IeiwbTjKCC@ghAHn.com,7014556433,2,450
287,Victor,James,DSfPGVJDxw@hSZdl.com,9920922689,3,141
288,Lawrence,Edwards,JAEjhqpkub@hYHoP.com,4972044696,1,568
289,Jack,Hill,NkhfpgGclC@puFUy.com,2831318688,1,589
290,Lawrence,Morgan,dBNECbUrjO@lWymc.com,4602962319,5,459
291,Todd,Hernandez,RZPoaFFXew@koJBO.com,5684733647,1,264
292,Arthur,Rodriguez,fcEnUQtHik@bpxBu.com,6519863525,3,557
293,Kevin,Sanders,PpvFxUYugn@rGuJR.com,5978247633,2,99
294,Gregory,Lee,AGBFUFXlfB@Cgsuk.com,6124799187,4,57
295,Dennis,Brooks,RQhmFpksyE@DoxCM.com,4102755461,1,134
296,Fred,Perez,HyVmOUnezG@OHLwK.com,4396499807,2,137
297,Paul,Williams,EoRRLverZb@lQHxh.com,9924345823,3,11
298,David,Coleman,PsVKZBpKOJ@aBoMO.com,7787835094,1,587
299,Brian,Young,fxcTdovLTp@abkBn.com,3525014342,4,336
300,Eric,Henderson,zaAIAoFINO@htHnJ.com,4030753248,3,318
301,Jeffrey,Taylor,MzsMKXgvWd@XQWzY.com,7091228437,2,579
302,Michael,Rodriguez,UjEGlzSkgz@yyXCO.com,3193514271,5,596
303,Bruce,Morris,MZigqTZYVl@sbiPR.com,4443473172,3,8
304,Terry,Thomas,uvJrnyXjlX@aUsIb.com,7442604972,1,591
305,Justin,Torres,yRKUKAEUpB@lEBYf.com,8613187786,5,257
306,Russell,Gray,brUnkoVdvs@Kswwc.com,5360677889,3,170
307,Ryan,Reed,aYCbSvCtBZ@JdUkY.com,1882867293,2,592
308,Clarence,Brown,HUCkmZnlWN@fNrTa.com,5780081841,3,262
309,Nicholas,Green,hSyQqHZeSY@TMlsl.com,3117942438,5,104
310,Charles,Baker,VbebJJslOw@XpouY.com,6654707013,1,83
311,Victor,Morgan,vuRlPAaYCk@BfDMp.com,9477526753,3,565
312,George,Edwards,oRMUZhbrej@IQnhB.com,5036691885,4,355
313,Jason,Gonzalez,CethruvhRe@MUbwf.com,7207513149,3,455
314,Kevin,Watson,knJpbBrSCa@MtvRE.com,1528337825,1,532
315,Arthur,Bailey,OHZsYpRySu@pkPnF.com,3055379194,5,290
316,Christopher,Gray,BjllhXIYjk@uVIat.com,4168240573,1,352
317,Richard,Anderson,njPfjLzTCP@QIqkE.com,7151299766,4,567
318,Jack,Stewart,CqrrJnUASs@emdHI.com,6407907921,3,55
319,John,Smith,kcVzKcbgOx@bwZGd.com,5954250906,3,467
320,Brandon,Cox,cjTaSNZVAI@kwbgk.com,1595201440,2,578
321,Earl,Lee,ThNJkyIdhV@wYAnL.com,2931376051,4,123
322,Nicholas,Perry,bcjTDcBTmM@vEHzG.com,7271679467,3,224
323,Jason,King,iMoZoBYYjX@XCCcY.com,4303050479,4,178
324,Bruce,Reed,cjFJeiwGFA@FnIgD.com,1543853692,4,420
325,Daniel,Turner,uCqQTUimKg@RpjmE.com,2737598916,3,579
326,Frank,Miller,eVAueFAeRN@nEFaG.com,3895435675,1,562
327,Lawrence,Powell,PxbfqsdrHg@bqHCO.com,4865695140,4,448
328,Victor,Murphy,HaghbhuDKc@ouKLt.com,8899888858,1,178
329,Todd,Watson,vaZEFJGQlk@bdDzf.com,7970921743,2,87
330,Aaron,Bailey,LDwQGDemYf@kUojW.com,3525402163,2,148
331,Brandon,Perry,WzXVrjcjFY@IPafp.com,8331671152,1,306
332,Joe,Hall,nBnfOVApKV@vnevn.com,2688599289,2,469
333,Frank,Garcia,QMqreRfIJi@BPgYj.com,6140940100,5,274
334,Harry,Smith,eHoJpioEXh@QmgFp.com,7101067365,2,334
335,Carl,Wilson,kDAoYyLOxp@VCXaR.com,2426941648,4,1
336,Eric,Watson,iXwnHjFqOf@ZKQJY.com,1642972511,1,540
337,Billy,Bailey,eDxhcCygNA@rFxqC.com,7104858599,2,47
338,Aaron,Torres,uDRWhvUuMx@ZExlU.com,2690109839,2,319
339,Robert,Wilson,hMtqLHoEDb@GKaxZ.com,7988744579,2,487
340,Joe,Harris,kbhpMpwplD@tLeDe.com,3220862727,1,346
341,Alan,Cox,LHLassQLTQ@TmDMt.com,6675860370,5,319
342,Jesse,Carter,OmUKJcsZjz@kYYrW.com,2631873037,4,386
343,Benjamin,Roberts,uEsocWzBxD@QMFIk.com,2791492681,2,483
344,Peter,Hill,BejMkeDjho@ujpeW.com,6372978886,2,394
345,Gregory,Brooks,dHNmYyKQVV@akOoz.com,7947430874,4,329
346,Peter,Turner,FHcFHzyfaR@tDnub.com,5961172153,2,588
347,Willie,Gray,nCxhCEeWeB@vsjya.com,8335600469,5,207
348,Kevin,Scott,EqzLKeDtYD@GRSQC.com,9488104532,3,218
349,Todd,Davis,wRFXXlWeBt@paTAH.com,4065045252,3,192
350,John,Evans,kBiuohyVox@YahEq.com,9005005329,5,363
351,Larry,Garcia,gxOoMVGRQU@ebZyR.com,1915411139,3,165
352,Gregory,Garcia,CKWFXAFzOd@Yrvem.com,5847596188,3,388
353,Kenneth,King,XrrUDVAZvp@HDCAm.com,3507057478,3,440
354,Brandon,Sanchez,TDJnpfMGOo@uHKJU.com,5743415741,3,235
355,Samuel,Hall,WAHBqSsuYI@CcpuO.com,7083641818,1,127
356,Ronald,Martin,LKWbXBzwbI@McZzi.com,1225174050,2,565
357,Alan,Brooks,ycmiEPDRTF@LFeCJ.com,9979466666,1,131
358,Antonio,Henderson,rLAKPMeQhC@QNrGX.com,5760728323,4,175
359,Arthur,Sanchez,soOPoRpPbi@qiRVf.com,2798000210,1,316
360,Wayne,Ward,MqnbazbzhB@yyNpI.com,7412860471,2,196
361,Joe,Bell,ILlBIrzCiN@hDPgi.com,1839703577,5,485
362,Michael,Flores,JDhCrllYvN@QtCQZ.com,9295638061,1,517
363,Ralph,Coleman,aOqGRqpOuu@hYToF.com,8380494926,5,233
364,Phillip,White,lPqhCeFrmX@SUWdQ.com,1447631924,4,290
365,James,Garcia,FkhZEywvsP@DHeaw.com,9636505860,1,564
366,Charles,Thompson,BudcJMWGVm@UYGma.com,1925548586,1,13
367,Larry,Clark,alLIXJPZDZ@jSURt.com,9989122925,2,21
368,Harry,Jones,hrLrPEyDZL@EzQvw.com,2781856362,5,73
369,George,Gonzalez,maKzIfISgo@zhPNV.com,1899391319,3,90
370,Justin,Sanders,ObxEORlidO@bGakE.com,7778262108,4,481
371,Christopher,Ward,fNHrUGCgab@iMBmo.com,2718179632,2,423
372,Michael,Reed,MtgLHIVGjl@bRcsC.com,6256960694,2,141
373,Benjamin,Anderson,zMoWBPpAJN@yEgfL.com,3355054133,5,354
374,Stephen,Scott,VCvtvCUMYH@rlyMX.com,2620921800,1,514
375,Nicholas,Perez,dmaJKtBCJm@uRpei.com,6618127735,3,450
376,Russell,King,lCvSNoDQXx@hZpOU.com,8090284101,5,451
377,Samuel,Wood,rbSFrvwiFa@JNMnZ.com,6542966515,2,366
378,Russell,Long,ovDwJtrqWi@IZAcH.com,2905052112,5,492
379,Joseph,Evans,uSeapjBnOq@SlCXd.com,7550350265,2,216
380,Ralph,Kelly,zcFYFynZuy@hYSMM.com,6730018092,1,180
381,Willie,Flores,oQMKrLQYyi@yskRO.com,6969133873,1,296
382,Eric,Wright,TfPqjXWPMg@ERyUe.com,5000399101,1,229
383,Dennis,Collins,lSGTZKJfiS@gaSWa.com,5267936039,5,42
384,John,Baker,LhRSycMyQe@OorNF.com,4680869747,4,326
385,Benjamin,Walker,qCwkZDjmqO@ENqDo.com,7096011794,2,61
386,Bobby,Green,lDzRYjUknL@mNJQi.com,1030773005,5,166
387,Harold,Thomas,ZrkSjxOuJN@uwfPH.com,1541269130,1,300
388,Patrick,James,cSyGXWyrSv@mjSBT.com,6772527651,5,55
389,Shawn,Wood,RKncOQJBzU@Rswbk.com,1154340339,1,464
390,Eugene,Kelly,oTZgyCiRKH@kIyWT.com,7273299179,4,327
391,Andrew,Thomas,aFwhSNDlxi@DuxLS.com,5064795198,4,570
392,Brandon,Robinson,FizMsNcuDV@zeIxe.com,3148320065,3,280
393,Ryan,Bailey,luUqoQoeIa@aOQoa.com,5730416262,4,277
394,Juan,King,xYwmHcLLkn@IbPoK.com,8205459104,4,139
395,Brandon,Morgan,VYAFaCIuUu@zanYb.com,8325996701,2,20
396,Mark,Scott,MHElrisNtS@ZLUpr.com,2978206176,1,30
397,Clarence,Mitchell,mNDKYSTtfr@cAkae.com,5686739435,2,549
398,Alan,Lee,XDltHnVzwn@ARXEa.com,5957752477,4,528
399,Brandon,Davis,thKsiEVVoH@pbwLb.com,2059948094,2,558
400,Chris,Baker,JhdQGzCpEH@OTuIK.com,8002182799,1,378
401,Eric,Sanchez,XHCBruQzMJ@kuLxi.com,4394544878,5,347
402,Russell,Miller,EygHkFBDzl@rDZMJ.com,7972865682,5,50
403,Kenneth,Allen,myDlJpLQpQ@kpFUh.com,2272043828,4,337
404,Philip,Henderson,aPbxhReESe@lpmpG.com,2118075869,3,512
405,Larry,Lopez,uTJnrAlinD@mUpMW.com,2562458169,2,409
406,Daniel,Lopez,oLSyCeWqJD@LqUzl.com,3122861853,5,239
407,Eugene,Brooks,sdNsCzIclT@hGSQu.com,6385722319,1,114
408,Daniel,Taylor,cVBhBODIpM@mDRFA.com,8464430271,4,173
409,Albert,Howard,YSoEVsMbPP@igzWm.com,9291413210,4,302
410,Bruce,Phillips,LGwQQLHqNj@GxzfN.com,4424262380,3,6
411,Joshua,Moore,QJsqJhDEwQ@uzBCo.com,5643175060,4,369
412,Richard,White,uoLSUqLeVQ@ynJEV.com,2146969246,1,531
413,Gregory,Hill,jlJMBXllAv@vCVCj.com,5261641772,4,35
414,Frank,Patterson,UHYqSXKRFQ@dAmFi.com,2179406165,1,172
415,Peter,Garcia,gFKNQWHJHM@ydffI.com,2796760572,2,297
416,Matthew,Hill,WdpothYPSW@qyHVZ.com,4745953951,4,78
417,Ryan,Turner,dbQBtctskH@Oeyvf.com,7687736229,5,55
418,Jesse,Cox,vVdDDUbNgO@sIdws.com,3633577839,3,4
419,Brian,Thomas,aqPJepETaO@eTYKm.com,8129592730,4,327
420,Samuel,Cook,oWChhWGHLd@xDcaI.com,7623335295,2,566
421,Jesse,Henderson,WolVwJSSZy@QbHzu.com,5160658431,5,154
422,Carlos,Rodriguez,ZrBrOxQooC@EyEDU.com,2608285301,3,533
423,Joe,Long,ibVHSmFIAO@WPHBz.com,1980004871,2,505
424,David,Cook,nRpvCFxEac@DASBV.com,7576223947,1,339
425,Howard,King,fCkuiihaCM@IGJWH.com,5442162576,3,57
426,Stephen,Richardson,fbJeZbEWfJ@fXcyr.com,8029333851,5,518
427,Edward,Mitchell,wIDYbCYqBv@VypKx.com,9907396060,1,331
428,Jerry,Rivera,NGrvUYBDaj@EURGc.com,7271761196,1,432
429,Bobby,Powell,DZQeHNhqCC@sDitM.com,6187587302,5,164
430,Eugene,Stewart,UbDbWUczcA@QGiGB.com,9770103942,5,235
431,Joshua,Ward,TFlXFVVSMh@PGWOD.com,1216925562,3,198
432,Jose,Brooks,saCrnhwlfq@aIFOo.com,1702066760,1,563
433,Gregory,Moore,IbmOBEvDMu@pdbUS.com,4079404765,4,337
434,Shawn,Collins,SoCZhfZlAC@dVQNd.com,9085411946,2,436
435,Sean,Thomas,QKdpJYeihU@HyTbl.com,2743702394,2,69
436,Timothy,Garcia,MASDFBWprx@exjDu.com,6158320559,2,479
437,Brian,Miller,bfdvItfObO@NsQZd.com,1037591708,4,239
438,Scott,Kelly,wsULfMJmBq@ktOxw.com,2429100733,5,501
439,Todd,Ross,KXCHCXMZUg@hJwgi.com,9530153077,4,569
440,Matthew,Smith,IFnsFFuIUF@OyXJM.com,3562440539,1,228
441,Chris,Davis,TTYDvCDuIv@RCBxQ.com,9124165887,3,372
442,Edward,Ross,ZaavgtjpDa@pTjXi.com,5207868996,1,105
443,Roger,Martinez,fYjLZmhcbP@GFZmc.com,9078796596,3,140
444,Eric,Sanchez,ZJMPaizTxn@KGzKa.com,7619385561,2,3
445,Keith,Anderson,EcxhIQqVLJ@gTRGy.com,3257106854,2,553
446,Matthew,Jones,vyUQAPupUf@sGjbi.com,2514148272,3,400
447,Howard,Lewis,uQtSGFcPXZ@XbiVu.com,2255688645,2,514
448,Antonio,Brooks,onsseoWjYB@dBizz.com,6574196053,5,409
449,Gregory,Barnes,soRxWUnHto@IGkuY.com,4476599708,4,317
450,Clarence,Jackson,DcANMtjJCZ@Gewyl.com,3345798147,2,454
451,Jesse,Adams,WrleHDPJfq@dipyv.com,8294797595,3,119
452,Walter,Hernandez,CyqKXOynZl@QqBVR.com,4317075573,2,274
453,Joe,Martin,WqBhbzLLOE@qtCsJ.com,1019066075,3,493
454,Joe,Scott,NqCIKLcWOt@Xmefc.com,7990746005,4,312
455,Ronald,Turner,MBwLMhhvdu@CCupY.com,6231484965,2,31
456,Jose,Peterson,MgBEODyJcd@ZUsbP.com,5747723106,3,447
457,Craig,Lewis,lgoJZAmrbB@AeMHA.com,2000011564,4,315
458,Steven,Parker,QhRerFIdgo@ldMvX.com,1924704561,5,563
459,Antonio,Rodriguez,MWwzBQYhNG@iBSTK.com,8902482534,4,389
460,Raymond,Baker,RPXGkDeGuz@BSkSi.com,4363509254,1,323
461,Eugene,Stewart,jFGQxkjxya@cRcWM.com,3539301986,2,178
462,Ralph,Wood,sjSVXIyaHh@OASpO.com,3149716713,2,333
463,Victor,Ross,AbpbKDtCNF@ZVEJw.com,4712109497,5,498
464,Benjamin,Wood,dDpOUnjajb@rTVZL.com,9061894319,5,211
465,Paul,Hill,JOAmXEMqYg@brumu.com,9252370263,2,585
466,Raymond,Watson,wzCglQeNHC@ocWLK.com,9602508431,5,476
467,Wayne,Sanders,GtFvrXNwxF@JicwH.com,4747838420,4,17
468,Bruce,Baker,QGBPLnrDoF@aBXYh.com,9704493133,1,566
469,Antonio,Lopez,nQapPIQQLp@eAszd.com,4248192414,3,225
470,Anthony,Green,DHrUsdJkYp@YymnR.com,9442528988,4,270
471,Brian,King,pUmjheWLCo@tqWWZ.com,8503967530,1,241
472,Gerald,Evans,VfrOXzJCjt@rtZFt.com,4429826338,5,40
473,Anthony,Adams,kqtgXEheZO@uLlVj.com,8148413451,2,538
474,Jimmy,Bell,cuaujxKCQm@xNHUS.com,3437683197,2,511
475,Carl,Howard,AkXYHwIttt@fFlpU.com,9986399670,1,70
476,Sean,Rivera,advnsFuSEZ@QqwQU.com,2687148486,1,390
477,Edward,Martin,tpGApyTiac@AMKhX.com,4764691854,5,317
478,Chris,Hernandez,yuZtHmRgzO@hUNit.com,6315478099,2,468
479,Anthony,Peterson,KGxwkIMWDV@uiSNh.com,5819534425,2,132
480,Stephen,Edwards,PNRJGEsqhC@HMTcL.com,5194780563,1,401
481,Harold,Murphy,hyQtUyjMAT@bNSFT.com,4655169923,1,285
482,Fred,Taylor,eseXuCKOgk@iWKLA.com,4893621196,5,205
483,Samuel,Ward,OBSPrxJNkp@Iqfng.com,7887249516,1,261
484,Ronald,Hughes,KreBYdIFey@HFKRe.com,4897789441,2,344
485,Larry,Jones,QHZLWJCcuJ@lcWUt.com,7512660692,5,366
486,Harry,Parker,DhDWWSUuYw@Jpahl.com,6937122934,2,190
487,Steve,Brooks,QxsXnUemut@cUAOz.com,6380901063,2,2
488,Keith,Hall,oTGnPjbFth@xWbQp.com,7649295625,4,90
489,Russell,Bailey,BaDqVvGyKi@EPwbr.com,7135324421,3,489
490,Mark,Lewis,VvwkNYyDgp@AMTxi.com,7894225166,3,310
491,Henry,Anderson,gikkLTLWcM@BBZrC.com,4600562852,3,237
492,Patrick,Nelson,HzMetdoyQL@Jizja.com,4975508556,2,346
493,Joe,Sanchez,iNtSrllbvZ@zzkOm.com,2412319899,1,338
494,George,Hughes,FSnObeHBED@kULiK.com,7473266369,5,545
495,James,Watson,pcEgQFOCTT@mnhaQ.com,7126077501,2,169
496,Jimmy,Washington,TrKzrmeOde@dQxlx.com,1517976862,5,116
497,Jeffrey,Kelly,tSztCILLUm@rQZQc.com,1768740140,3,29
498,Willie,Bailey,aWXihZacWE@KPSPb.com,6057914490,3,150
499,Samuel,Lee,YYnEHtcTkh@iPEtR.com,9221160436,3,577
500,Wayne,Evans,xsQmXCQhqx@CjlVo.com,5155497943,2,469
501,Randy,Williams,lWJfsNRNLn@WLmyS.com,9470947182,1,476
502,Sean,Scott,boHocHQHmb@HKHVc.com,4342169889,1,204
503,Paul,Long,pCvvGdoTyq@NgHLY.com,2345666601,5,315
504,Christopher,Thomas,eUBAHXWfwe@QklJo.com,9489070356,4,2
505,Harold,Turner,lpVRHfOkTj@hQQBT.com,6148363967,2,583
506,Earl,Cooper,uRdDKzRzTb@qHxxQ.com,3253759103,2,589
507,Jose,Cooper,BLkLWojBol@bNnmj.com,4889788941,1,566
508,Patrick,Patterson,yrUWVBpWWe@utKlL.com,4847480605,2,466
509,Jose,Clark,LgexhVfUrY@FIhOx.com,7384430138,5,191
510,Roger,Anderson,nChTjTthFC@AXgiN.com,4442345878,2,178
511,Steve,Sanders,aVARjuzRff@APQZV.com,9381928829,3,585
512,Philip,Bailey,WDurRLSLKd@jgpzi.com,1105693480,3,220
513,Douglas,Ward,YBWXsBogoR@SnqJH.com,9232200373,2,293
514,Timothy,Rogers,MWfEKxqURm@HuGdY.com,8569252748,2,550
515,Antonio,Cook,yWRaKhiXnv@pZISI.com,4850588762,2,342
516,Frank,Lee,UopNQQYMzi@yUWbq.com,2080485477,5,464
517,Shawn,Smith,iLolyvldrz@DQJaQ.com,7684406448,5,304
518,Carlos,Walker,oyUbFrKtrP@cqkZS.com,7901000006,2,362
519,Roy,Henderson,nFTqZMIRQB@LJsgt.com,9313861509,1,111
520,Kenneth,Baker,FXciWSTEQZ@KCefn.com,7370010182,3,481
521,Randy,King,NELFuATuDc@tPTnM.com,8441987324,4,316
522,Jeffrey,Jones,PMWSKWgUYO@KWIro.com,9591228567,2,542
523,Randy,Thompson,HZuVMIFRmq@pGuNw.com,9317971841,1,122
524,William,James,wNMhcubfkZ@JCORN.com,4143177146,4,226
525,Albert,Hill,ByBIWTophV@iNlYy.com,3935396629,1,418
526,Donald,Bell,VhalYVvBuA@ctjgg.com,3838519717,4,412
527,Keith,Morgan,KKrybOIUzA@VmWOD.com,7429755089,5,12
528,Brandon,Garcia,grUcaivtYP@nXMAc.com,3033139370,3,322
529,Henry,Rogers,gvKUZKHgLI@PMnVI.com,2330541228,3,319
530,Timothy,Davis,jZTLUehBMs@pphDd.com,4378929722,5,592
531,Jason,Perez,pJDibPiSIU@XxbHt.com,6258524135,4,538
532,Donald,Allen,vcTyCZfbsa@FRyRr.com,9378097704,5,102
533,Anthony,Taylor,OQagYVIUPO@FLSwU.com,6344544205,2,455
534,Shawn,King,JIaArjKeHy@ueRyt.com,1450559054,3,217
535,Matthew,Jackson,XYVIjditso@lQNCl.com,1762501911,4,261
536,Carl,Rodriguez,FSzYZHjKmS@NaCCw.com,4617467718,1,56
537,Jimmy,Kelly,nxrcxLEavQ@rHkjP.com,7011599884,2,387
538,Michael,Jenkins,SjRCwJtAzF@Wzycy.com,9376764818,4,251
539,Charles,King,UDFSYPnkoe@qzTok.com,5039169394,2,24
540,Anthony,James,ejrckrhxfz@ajsQo.com,9118871788,1,475
541,Eric,Bailey,RNYdEHgZQW@rhzho.com,3721476276,1,280
542,Kevin,Anderson,OrAWnrrtFp@XcqtM.com,9959307905,1,514
543,Roy,Walker,wrtlJPxLAT@hSsvC.com,6758079596,4,589
544,Ryan,Martinez,QgTBblBMwo@dzlrk.com,4314220320,2,320
545,Shawn,Long,iCjrQmbPUr@zdQMc.com,9897206374,3,61
546,Brian,Green,hlXYzvvFxk@xMdrc.com,8502054979,3,232
547,Victor,Evans,OpSbqCiyCk@qOfSi.com,6375350710,4,481
548,Charles,Bennett,IJpXZnIHoF@nRAfC.com,3121384452,3,277
549,Donald,Wilson,XfyYBKBGnq@ApjOl.com,8063282061,4,300
550,Todd,Bailey,qKzehKRZwi@FJiaB.com,7517796946,3,306
551,Sean,Nelson,LHFsfHUeUS@ynudq.com,3777893113,5,541
552,Jack,Jackson,CQaMLZgQsX@KFlOQ.com,4049227422,4,168
553,Antonio,Brooks,BQuPgWhnYm@QGnNv.com,5066772758,4,379
554,Joshua,Allen,nZUCNpWTrL@FnZMb.com,3191185689,1,100
555,Ernest,Thomas,VzVRJZFPRa@kmJwx.com,2521578306,1,261
556,Lawrence,Cox,dLZWUHyoIA@ZNgQK.com,6957454227,3,600
557,Brian,Cook,XVDoTYCGtU@AYDfw.com,5869921554,5,436
558,Harry,Edwards,okZyvOmJGS@tLLoh.com,1584816797,5,459
559,Terry,Evans,jesvnoiJHr@hRjPe.com,9245349227,4,419
560,Gary,Sanchez,NcMzqVaHMD@siRlQ.com,9806898646,2,484
561,Billy,Roberts,OygwjRAVfp@NsvIr.com,3030402436,3,103
562,Michael,Taylor,jwhrecUYUS@HKsiB.com,1287845407,4,165
563,Philip,Walker,ESafIVFNts@IGKyT.com,9524191507,4,149
564,Clarence,Jackson,vaowaThkDM@GBBVZ.com,3557730961,3,496
565,Jose,Robinson,AXzAusFYav@PLLBO.com,1677583991,3,126
566,Jesse,Garcia,moWlTxEOtW@aBrZD.com,1988754729,5,392
567,George,Ramirez,EwFomcQHfy@QWtFS.com,4647659945,1,399
568,Carl,King,gFkyuxxssL@nPDTj.com,4858881767,4,482
569,Andrew,Wood,jysJkGJbiT@fruwZ.com,6112074940,1,493
570,Bruce,Hill,YCdWnQYFfl@ZDygA.com,6549747476,4,427
571,Aaron,Coleman,spuKnBnDNG@Gsulu.com,3242356890,4,591
572,Billy,White,MUZmqZPpak@YidCc.com,1580541956,1,375
573,Edward,Jenkins,AmMIDhCzMQ@oSwQq.com,7146623293,3,492
574,Andrew,Anderson,lyhczYFZkb@waroJ.com,6422540129,5,253
575,Carlos,Ward,lnvUUOgOIC@scGXz.com,7621112056,2,98
576,Nicholas,Cox,KeejWXbbBk@aKCjf.com,4577509603,1,249
577,Matthew,Moore,rVvlqNvHsH@GEpWi.com,6031292271,3,373
578,Roy,Clark,dUyjCxtSxr@QouGL.com,6140409940,5,421
579,Carlos,Turner,vWZbVMMULv@lSJyt.com,8017142837,4,512
580,Douglas,Campbell,uuefetPIEB@gCuvP.com,8492935358,1,600
581,Louis,Perez,hCvBJTNsVt@PVEhs.com,8405218679,1,124
582,Philip,James,qhsTXituxO@bUPxE.com,4877211983,3,365
583,Joseph,Peterson,AFqsNOiIXJ@SgBoF.com,1210522625,1,329
584,Joseph,Baker,kDYJqVwhBK@xhLEQ.com,9812290129,5,541
585,Chris,Harris,UvqvislOSt@QaWel.com,8033653919,5,74
586,Kevin,Sanders,eMeSnpOExZ@keaWF.com,4447146060,4,412
587,Howard,Henderson,DxVYQfLbOz@wMaiW.com,4667939916,5,439
588,Antonio,Peterson,khZZrvlpvM@pwFHb.com,9757704435,3,391
589,Lawrence,Coleman,dxtkESpPoE@FISME.com,8711537068,1,239
590,Henry,Rodriguez,VyGbitDdQi@ujKrv.com,9429399399,1,385
591,Martin,Morris,NmxaaUPoHh@ezPQl.com,3846520900,5,253
592,Henry,Bell,mBcvTTTJyu@ZxgnF.com,9176498404,2,126
593,Clarence,Kelly,VxgULQgIao@dCfag.com,3560770588,2,253
594,Raymond,Garcia,cTEwMJMyxQ@XbXQM.com,9170149028,4,404
595,Chris,Howard,YOrhzkdTjD@Nsvfa.com,7186205906,3,78
596,Dennis,Mitchell,YuOybIpqWo@RvfnL.com,9814006212,1,168
597,Howard,Jackson,GmHmCFVArC@psaWe.com,7459151910,4,347
598,Jesse,Hill,FgPKGfDaiW@adFuX.com,2605555240,4,481
599,Victor,Thompson,DiAuVYqfsA@ytPNT.com,2576969772,5,334
600,Bobby,Flores,NwyITFLmBa@VnKgN.com,4138042643,1,205
