location_id,address,city,state,country
1,Address 1,City 32,State 5,Country 5
2,Address 2,City 24,State 40,Country 18
3,Address 3,City 71,State 8,Country 26
4,Address 4,City 45,State 35,Country 6
5,Address 5,City 75,State 41,Country 34
6,Address 6,City 46,State 33,Country 32
7,Address 7,City 5,State 22,Country 47
8,Address 8,City 88,State 4,Country 31
9,Address 9,City 4,State 31,Country 10
10,Address 10,City 67,State 20,Country 15
11,Address 11,City 24,State 35,Country 19
12,Address 12,City 39,State 21,Country 18
13,Address 13,City 8,State 50,Country 25
14,Address 14,City 48,State 8,Country 25
15,Address 15,City 89,State 42,Country 16
16,Address 16,City 29,State 43,Country 6
17,Address 17,City 71,State 46,Country 23
18,Address 18,City 14,State 11,Country 39
19,Address 19,City 38,State 19,Country 27
20,Address 20,City 28,State 31,Country 27
21,Address 21,City 53,State 24,Country 9
22,Address 22,City 65,State 47,Country 29
23,Address 23,City 65,State 35,Country 23
24,Address 24,City 65,State 19,Country 42
25,Address 25,City 8,State 13,Country 27
26,Address 26,City 22,State 22,Country 46
27,Address 27,City 55,State 37,Country 19
28,Address 28,City 61,State 16,Country 15
29,Address 29,City 68,State 46,Country 35
30,Address 30,City 40,State 39,Country 6
31,Address 31,City 66,State 12,Country 21
32,Address 32,City 85,State 41,Country 45
33,Address 33,City 50,State 50,Country 28
34,Address 34,City 2,State 24,Country 17
35,Address 35,City 68,State 31,Country 35
36,Address 36,City 89,State 7,Country 48
37,Address 37,City 81,State 27,Country 18
38,Address 38,City 75,State 31,Country 29
39,Address 39,City 47,State 45,Country 23
40,Address 40,City 96,State 29,Country 28
41,Address 41,City 26,State 7,Country 26
42,Address 42,City 89,State 2,Country 31
43,Address 43,City 9,State 3,Country 32
44,Address 44,City 40,State 38,Country 29
45,Address 45,City 76,State 33,Country 50
46,Address 46,City 59,State 35,Country 27
47,Address 47,City 25,State 26,Country 9
48,Address 48,City 42,State 43,Country 34
49,Address 49,City 59,State 11,Country 2
50,Address 50,City 20,State 26,Country 9
51,Address 51,City 71,State 34,Country 43
52,Address 52,City 43,State 21,Country 17
53,Address 53,City 60,State 35,Country 37
54,Address 54,City 6,State 3,Country 17
55,Address 55,City 47,State 32,Country 46
56,Address 56,City 96,State 21,Country 29
57,Address 57,City 58,State 36,Country 44
58,Address 58,City 82,State 15,Country 33
59,Address 59,City 12,State 38,Country 4
60,Address 60,City 25,State 46,Country 7
61,Address 61,City 81,State 5,Country 50
62,Address 62,City 4,State 14,Country 1
63,Address 63,City 6,State 46,Country 41
64,Address 64,City 97,State 44,Country 41
65,Address 65,City 93,State 34,Country 12
66,Address 66,City 17,State 11,Country 31
67,Address 67,City 65,State 3,Country 9
68,Address 68,City 80,State 47,Country 49
69,Address 69,City 1,State 41,Country 45
70,Address 70,City 50,State 48,Country 47
71,Address 71,City 36,State 17,Country 43
72,Address 72,City 54,State 13,Country 43
73,Address 73,City 67,State 40,Country 31
74,Address 74,City 64,State 44,Country 49
75,Address 75,City 43,State 43,Country 46
76,Address 76,City 54,State 29,Country 40
77,Address 77,City 72,State 39,Country 13
78,Address 78,City 3,State 32,Country 6
79,Address 79,City 32,State 11,Country 12
80,Address 80,City 86,State 19,Country 43
81,Address 81,City 93,State 3,Country 19
82,Address 82,City 94,State 27,Country 45
83,Address 83,City 65,State 33,Country 46
84,Address 84,City 40,State 3,Country 44
85,Address 85,City 97,State 1,Country 35
86,Address 86,City 18,State 44,Country 5
87,Address 87,City 92,State 18,Country 42
88,Address 88,City 91,State 31,Country 47
89,Address 89,City 89,State 50,Country 14
90,Address 90,City 42,State 36,Country 8
91,Address 91,City 49,State 29,Country 38
92,Address 92,City 36,State 21,Country 16
93,Address 93,City 62,State 33,Country 33
94,Address 94,City 16,State 39,Country 26
95,Address 95,City 1,State 31,Country 42
96,Address 96,City 43,State 29,Country 23
97,Address 97,City 20,State 14,Country 35
98,Address 98,City 64,State 39,Country 20
99,Address 99,City 81,State 33,Country 43
100,Address 100,City 10,State 28,Country 27
101,Address 101,City 73,State 49,Country 42
102,Address 102,City 99,State 9,Country 19
103,Address 103,City 95,State 3,Country 13
104,Address 104,City 44,State 5,Country 15
105,Address 105,City 98,State 7,Country 8
106,Address 106,City 66,State 30,Country 1
107,Address 107,City 88,State 13,Country 2
108,Address 108,City 56,State 16,Country 18
109,Address 109,City 14,State 29,Country 17
110,Address 110,City 94,State 19,Country 7
111,Address 111,City 92,State 13,Country 11
112,Address 112,City 68,State 19,Country 23
113,Address 113,City 21,State 3,Country 36
114,Address 114,City 63,State 40,Country 42
115,Address 115,City 67,State 36,Country 32
116,Address 116,City 86,State 18,Country 2
117,Address 117,City 19,State 28,Country 11
118,Address 118,City 42,State 32,Country 28
119,Address 119,City 46,State 21,Country 3
120,Address 120,City 86,State 28,Country 13
121,Address 121,City 19,State 44,Country 36
122,Address 122,City 9,State 34,Country 26
123,Address 123,City 27,State 6,Country 7
124,Address 124,City 90,State 9,Country 39
125,Address 125,City 8,State 48,Country 37
126,Address 126,City 13,State 44,Country 24
127,Address 127,City 58,State 46,Country 4
128,Address 128,City 75,State 39,Country 14
129,Address 129,City 35,State 25,Country 38
130,Address 130,City 41,State 25,Country 24
131,Address 131,City 27,State 6,Country 24
132,Address 132,City 91,State 6,Country 24
133,Address 133,City 85,State 2,Country 1
134,Address 134,City 40,State 36,Country 4
135,Address 135,City 87,State 30,Country 49
136,Address 136,City 47,State 16,Country 27
137,Address 137,City 93,State 24,Country 35
138,Address 138,City 74,State 32,Country 49
139,Address 139,City 14,State 49,Country 39
140,Address 140,City 75,State 40,Country 31
141,Address 141,City 57,State 48,Country 25
142,Address 142,City 40,State 45,Country 5
143,Address 143,City 47,State 45,Country 32
144,Address 144,City 10,State 29,Country 45
145,Address 145,City 80,State 25,Country 24
146,Address 146,City 83,State 48,Country 23
147,Address 147,City 98,State 35,Country 29
148,Address 148,City 93,State 35,Country 39
149,Address 149,City 5,State 10,Country 22
150,Address 150,City 94,State 24,Country 6
151,Address 151,City 87,State 13,Country 15
152,Address 152,City 18,State 37,Country 44
153,Address 153,City 33,State 25,Country 15
154,Address 154,City 21,State 5,Country 11
155,Address 155,City 23,State 5,Country 36
156,Address 156,City 19,State 4,Country 17
157,Address 157,City 32,State 25,Country 33
158,Address 158,City 14,State 33,Country 8
159,Address 159,City 83,State 33,Country 24
160,Address 160,City 89,State 27,Country 8
161,Address 161,City 23,State 17,Country 33
162,Address 162,City 50,State 40,Country 44
163,Address 163,City 40,State 25,Country 16
164,Address 164,City 76,State 3,Country 46
165,Address 165,City 15,State 49,Country 36
166,Address 166,City 37,State 34,Country 47
167,Address 167,City 38,State 40,Country 1
168,Address 168,City 33,State 35,Country 48
169,Address 169,City 35,State 43,Country 28
170,Address 170,City 37,State 5,Country 14
171,Address 171,City 78,State 35,Country 9
172,Address 172,City 76,State 7,Country 3
173,Address 173,City 57,State 23,Country 18
174,Address 174,City 28,State 36,Country 29
175,Address 175,City 90,State 12,Country 25
176,Address 176,City 78,State 20,Country 44
177,Address 177,City 25,State 37,Country 48
178,Address 178,City 3,State 37,Country 18
179,Address 179,City 94,State 2,Country 11
180,Address 180,City 21,State 4,Country 16
181,Address 181,City 35,State 38,Country 21
182,Address 182,City 83,State 32,Country 41
183,Address 183,City 97,State 13,Country 6
184,Address 184,City 90,State 19,Country 45
185,Address 185,City 46,State 48,Country 23
186,Address 186,City 31,State 24,Country 18
187,Address 187,City 58,State 43,Country 9
188,Address 188,City 23,State 50,Country 12
189,Address 189,City 51,State 32,Country 36
190,Address 190,City 70,State 45,Country 29
191,Address 191,City 98,State 49,Country 41
192,Address 192,City 52,State 7,Country 1
193,Address 193,City 69,State 22,Country 41
194,Address 194,City 54,State 34,Country 30
195,Address 195,City 51,State 15,Country 24
196,Address 196,City 11,State 18,Country 14
197,Address 197,City 17,State 38,Country 34
198,Address 198,City 62,State 20,Country 47
199,Address 199,City 27,State 34,Country 41
200,Address 200,City 62,State 18,Country 22
201,Address 201,City 77,State 16,Country 50
202,Address 202,City 39,State 49,Country 21
203,Address 203,City 28,State 6,Country 25
204,Address 204,City 28,State 3,Country 40
205,Address 205,City 48,State 32,Country 38
206,Address 206,City 97,State 15,Country 16
207,Address 207,City 85,State 49,Country 50
208,Address 208,City 37,State 44,Country 43
209,Address 209,City 23,State 28,Country 50
210,Address 210,City 39,State 21,Country 23
211,Address 211,City 44,State 29,Country 30
212,Address 212,City 92,State 48,Country 41
213,Address 213,City 80,State 2,Country 20
214,Address 214,City 47,State 23,Country 48
215,Address 215,City 84,State 32,Country 25
216,Address 216,City 67,State 14,Country 6
217,Address 217,City 68,State 31,Country 42
218,Address 218,City 41,State 4,Country 23
219,Address 219,City 56,State 47,Country 24
220,Address 220,City 83,State 5,Country 39
221,Address 221,City 24,State 18,Country 25
222,Address 222,City 11,State 49,Country 27
223,Address 223,City 67,State 21,Country 25
224,Address 224,City 63,State 41,Country 26
225,Address 225,City 8,State 11,Country 30
226,Address 226,City 15,State 24,Country 46
227,Address 227,City 52,State 47,Country 30
228,Address 228,City 44,State 6,Country 37
229,Address 229,City 85,State 16,Country 37
230,Address 230,City 17,State 43,Country 33
231,Address 231,City 40,State 30,Country 31
232,Address 232,City 85,State 11,Country 20
233,Address 233,City 52,State 34,Country 16
234,Address 234,City 86,State 45,Country 13
235,Address 235,City 34,State 3,Country 43
236,Address 236,City 65,State 6,Country 47
237,Address 237,City 81,State 6,Country 3
238,Address 238,City 86,State 5,Country 16
239,Address 239,City 64,State 25,Country 7
240,Address 240,City 37,State 46,Country 50
241,Address 241,City 100,State 34,Country 48
242,Address 242,City 67,State 18,Country 15
243,Address 243,City 66,State 30,Country 34
244,Address 244,City 89,State 44,Country 14
245,Address 245,City 7,State 38,Country 44
246,Address 246,City 28,State 39,Country 44
247,Address 247,City 5,State 27,Country 12
248,Address 248,City 42,State 37,Country 34
249,Address 249,City 93,State 25,Country 50
250,Address 250,City 47,State 12,Country 21
251,Address 251,City 12,State 32,Country 37
252,Address 252,City 49,State 11,Country 7
253,Address 253,City 9,State 47,Country 40
254,Address 254,City 72,State 24,Country 48
255,Address 255,City 74,State 17,Country 43
256,Address 256,City 51,State 20,Country 19
257,Address 257,City 11,State 2,Country 49
258,Address 258,City 48,State 33,Country 25
259,Address 259,City 86,State 24,Country 49
260,Address 260,City 7,State 49,Country 2
261,Address 261,City 27,State 30,Country 49
262,Address 262,City 52,State 50,Country 15
263,Address 263,City 12,State 11,Country 4
264,Address 264,City 19,State 31,Country 32
265,Address 265,City 6,State 40,Country 20
266,Address 266,City 91,State 32,Country 29
267,Address 267,City 84,State 6,Country 28
268,Address 268,City 92,State 46,Country 27
269,Address 269,City 80,State 33,Country 4
270,Address 270,City 73,State 24,Country 12
271,Address 271,City 85,State 39,Country 27
272,Address 272,City 50,State 34,Country 50
273,Address 273,City 75,State 38,Country 13
274,Address 274,City 8,State 19,Country 32
275,Address 275,City 34,State 50,Country 16
276,Address 276,City 44,State 42,Country 46
277,Address 277,City 28,State 34,Country 41
278,Address 278,City 29,State 27,Country 25
279,Address 279,City 6,State 8,Country 13
280,Address 280,City 86,State 50,Country 31
281,Address 281,City 55,State 5,Country 48
282,Address 282,City 47,State 18,Country 8
283,Address 283,City 40,State 14,Country 4
284,Address 284,City 30,State 23,Country 10
285,Address 285,City 47,State 6,Country 28
286,Address 286,City 54,State 9,Country 16
287,Address 287,City 35,State 19,Country 22
288,Address 288,City 38,State 6,Country 29
289,Address 289,City 7,State 9,Country 33
290,Address 290,City 36,State 19,Country 25
291,Address 291,City 18,State 2,Country 1
292,Address 292,City 17,State 45,Country 10
293,Address 293,City 92,State 3,Country 28
294,Address 294,City 48,State 17,Country 18
295,Address 295,City 31,State 42,Country 23
296,Address 296,City 98,State 31,Country 39
297,Address 297,City 6,State 14,Country 10
298,Address 298,City 42,State 31,Country 13
299,Address 299,City 24,State 11,Country 35
300,Address 300,City 34,State 34,Country 42
301,Address 301,City 97,State 13,Country 9
302,Address 302,City 1,State 40,Country 2
303,Address 303,City 95,State 39,Country 27
304,Address 304,City 24,State 38,Country 47
305,Address 305,City 96,State 10,Country 41
306,Address 306,City 33,State 1,Country 18
307,Address 307,City 17,State 2,Country 42
308,Address 308,City 68,State 31,Country 12
309,Address 309,City 26,State 37,Country 16
310,Address 310,City 61,State 41,Country 7
311,Address 311,City 61,State 8,Country 30
312,Address 312,City 26,State 12,Country 26
313,Address 313,City 45,State 14,Country 24
314,Address 314,City 80,State 25,Country 36
315,Address 315,City 77,State 13,Country 42
316,Address 316,City 48,State 45,Country 47
317,Address 317,City 88,State 18,Country 47
318,Address 318,City 23,State 17,Country 45
319,Address 319,City 56,State 10,Country 41
320,Address 320,City 78,State 6,Country 42
321,Address 321,City 16,State 1,Country 15
322,Address 322,City 54,State 37,Country 28
323,Address 323,City 52,State 40,Country 21
324,Address 324,City 58,State 44,Country 4
325,Address 325,City 88,State 23,Country 28
326,Address 326,City 55,State 27,Country 41
327,Address 327,City 53,State 38,Country 45
328,Address 328,City 14,State 40,Country 2
329,Address 329,City 91,State 19,Country 42
330,Address 330,City 13,State 36,Country 40
331,Address 331,City 61,State 47,Country 13
332,Address 332,City 30,State 32,Country 9
333,Address 333,City 46,State 16,Country 47
334,Address 334,City 33,State 11,Country 29
335,Address 335,City 69,State 12,Country 44
336,Address 336,City 33,State 44,Country 34
337,Address 337,City 7,State 20,Country 7
338,Address 338,City 27,State 18,Country 11
339,Address 339,City 93,State 31,Country 4
340,Address 340,City 3,State 39,Country 15
341,Address 341,City 60,State 2,Country 29
342,Address 342,City 74,State 13,Country 12
343,Address 343,City 36,State 5,Country 10
344,Address 344,City 100,State 40,Country 48
345,Address 345,City 74,State 43,Country 33
346,Address 346,City 91,State 43,Country 32
347,Address 347,City 52,State 24,Country 9
348,Address 348,City 3,State 26,Country 49
349,Address 349,City 21,State 14,Country 14
350,Address 350,City 40,State 43,Country 42
351,Address 351,City 11,State 14,Country 33
352,Address 352,City 83,State 33,Country 34
353,Address 353,City 81,State 49,Country 31
354,Address 354,City 53,State 7,Country 34
355,Address 355,City 84,State 32,Country 11
356,Address 356,City 35,State 20,Country 35
357,Address 357,City 86,State 24,Country 16
358,Address 358,City 42,State 40,Country 13
359,Address 359,City 43,State 44,Country 20
360,Address 360,City 95,State 31,Country 46
361,Address 361,City 38,State 4,Country 35
362,Address 362,City 7,State 47,Country 24
363,Address 363,City 24,State 23,Country 11
364,Address 364,City 88,State 12,Country 23
365,Address 365,City 8,State 34,Country 32
366,Address 366,City 35,State 37,Country 47
367,Address 367,City 95,State 31,Country 11
368,Address 368,City 70,State 27,Country 14
369,Address 369,City 54,State 20,Country 17
370,Address 370,City 47,State 12,Country 5
371,Address 371,City 67,State 14,Country 30
372,Address 372,City 55,State 40,Country 24
373,Address 373,City 25,State 48,Country 45
374,Address 374,City 88,State 35,Country 39
375,Address 375,City 77,State 4,Country 25
376,Address 376,City 75,State 1,Country 40
377,Address 377,City 57,State 48,Country 30
378,Address 378,City 66,State 19,Country 34
379,Address 379,City 81,State 46,Country 47
380,Address 380,City 94,State 8,Country 9
381,Address 381,City 68,State 40,Country 14
382,Address 382,City 93,State 27,Country 30
383,Address 383,City 30,State 35,Country 22
384,Address 384,City 95,State 10,Country 21
385,Address 385,City 76,State 47,Country 25
386,Address 386,City 62,State 31,Country 28
387,Address 387,City 20,State 12,Country 8
388,Address 388,City 1,State 37,Country 19
389,Address 389,City 1,State 3,Country 29
390,Address 390,City 22,State 3,Country 26
391,Address 391,City 12,State 2,Country 24
392,Address 392,City 7,State 48,Country 7
393,Address 393,City 55,State 17,Country 2
394,Address 394,City 92,State 45,Country 35
395,Address 395,City 13,State 3,Country 37
396,Address 396,City 99,State 35,Country 31
397,Address 397,City 80,State 4,Country 25
398,Address 398,City 53,State 2,Country 38
399,Address 399,City 29,State 26,Country 20
400,Address 400,City 42,State 19,Country 16
401,Address 401,City 64,State 39,Country 23
402,Address 402,City 77,State 47,Country 41
403,Address 403,City 40,State 22,Country 14
404,Address 404,City 75,State 31,Country 10
405,Address 405,City 83,State 16,Country 45
406,Address 406,City 24,State 45,Country 26
407,Address 407,City 5,State 37,Country 17
408,Address 408,City 37,State 21,Country 43
409,Address 409,City 60,State 14,Country 37
410,Address 410,City 2,State 10,Country 5
411,Address 411,City 74,State 13,Country 27
412,Address 412,City 86,State 39,Country 2
413,Address 413,City 21,State 23,Country 21
414,Address 414,City 29,State 8,Country 47
415,Address 415,City 63,State 47,Country 29
416,Address 416,City 31,State 26,Country 10
417,Address 417,City 23,State 44,Country 36
418,Address 418,City 58,State 20,Country 17
419,Address 419,City 16,State 26,Country 22
420,Address 420,City 59,State 12,Country 4
421,Address 421,City 18,State 20,Country 50
422,Address 422,City 100,State 8,Country 34
423,Address 423,City 18,State 24,Country 18
424,Address 424,City 92,State 22,Country 27
425,Address 425,City 31,State 47,Country 47
426,Address 426,City 75,State 43,Country 25
427,Address 427,City 69,State 42,Country 21
428,Address 428,City 2,State 27,Country 22
429,Address 429,City 45,State 10,Country 41
430,Address 430,City 3,State 45,Country 9
431,Address 431,City 32,State 35,Country 7
432,Address 432,City 15,State 27,Country 6
433,Address 433,City 11,State 14,Country 21
434,Address 434,City 14,State 33,Country 25
435,Address 435,City 66,State 2,Country 50
436,Address 436,City 96,State 50,Country 17
437,Address 437,City 20,State 9,Country 12
438,Address 438,City 36,State 5,Country 8
439,Address 439,City 81,State 29,Country 47
440,Address 440,City 95,State 48,Country 23
441,Address 441,City 55,State 11,Country 49
442,Address 442,City 39,State 3,Country 22
443,Address 443,City 7,State 14,Country 28
444,Address 444,City 71,State 30,Country 39
445,Address 445,City 27,State 40,Country 21
446,Address 446,City 40,State 42,Country 16
447,Address 447,City 63,State 12,Country 49
448,Address 448,City 55,State 29,Country 39
449,Address 449,City 11,State 37,Country 7
450,Address 450,City 1,State 24,Country 30
451,Address 451,City 30,State 5,Country 35
452,Address 452,City 53,State 15,Country 7
453,Address 453,City 51,State 19,Country 24
454,Address 454,City 53,State 38,Country 5
455,Address 455,City 22,State 38,Country 17
456,Address 456,City 65,State 26,Country 16
457,Address 457,City 71,State 47,Country 32
458,Address 458,City 89,State 34,Country 28
459,Address 459,City 24,State 18,Country 9
460,Address 460,City 61,State 29,Country 9
461,Address 461,City 1,State 40,Country 1
462,Address 462,City 87,State 17,Country 33
463,Address 463,City 86,State 31,Country 34
464,Address 464,City 100,State 41,Country 3
465,Address 465,City 55,State 24,Country 32
466,Address 466,City 60,State 20,Country 6
467,Address 467,City 43,State 4,Country 30
468,Address 468,City 16,State 28,Country 21
469,Address 469,City 84,State 30,Country 4
470,Address 470,City 49,State 46,Country 4
471,Address 471,City 35,State 8,Country 39
472,Address 472,City 85,State 37,Country 22
473,Address 473,City 55,State 12,Country 6
474,Address 474,City 94,State 41,Country 19
475,Address 475,City 29,State 37,Country 9
476,Address 476,City 76,State 14,Country 45
477,Address 477,City 93,State 22,Country 24
478,Address 478,City 88,State 4,Country 11
479,Address 479,City 32,State 27,Country 16
480,Address 480,City 63,State 20,Country 29
481,Address 481,City 36,State 40,Country 22
482,Address 482,City 46,State 3,Country 14
483,Address 483,City 48,State 25,Country 19
484,Address 484,City 9,State 28,Country 46
485,Address 485,City 53,State 1,Country 21
486,Address 486,City 62,State 46,Country 18
487,Address 487,City 53,State 14,Country 32
488,Address 488,City 40,State 47,Country 30
489,Address 489,City 16,State 22,Country 40
490,Address 490,City 43,State 38,Country 29
491,Address 491,City 89,State 30,Country 32
492,Address 492,City 49,State 35,Country 33
493,Address 493,City 36,State 22,Country 39
494,Address 494,City 15,State 18,Country 22
495,Address 495,City 79,State 14,Country 35
496,Address 496,City 32,State 11,Country 22
497,Address 497,City 74,State 3,Country 37
498,Address 498,City 56,State 32,Country 45
499,Address 499,City 76,State 16,Country 29
500,Address 500,City 12,State 17,Country 36
501,Address 501,City 27,State 35,Country 7
502,Address 502,City 77,State 17,Country 10
503,Address 503,City 30,State 30,Country 13
504,Address 504,City 62,State 34,Country 2
505,Address 505,City 19,State 49,Country 16
506,Address 506,City 29,State 42,Country 33
507,Address 507,City 49,State 11,Country 20
508,Address 508,City 30,State 3,Country 42
509,Address 509,City 77,State 49,Country 17
510,Address 510,City 78,State 24,Country 6
511,Address 511,City 64,State 14,Country 37
512,Address 512,City 79,State 19,Country 1
513,Address 513,City 88,State 16,Country 28
514,Address 514,City 43,State 47,Country 34
515,Address 515,City 77,State 5,Country 18
516,Address 516,City 48,State 45,Country 31
517,Address 517,City 25,State 44,Country 25
518,Address 518,City 10,State 29,Country 44
519,Address 519,City 14,State 46,Country 18
520,Address 520,City 47,State 14,Country 19
521,Address 521,City 31,State 50,Country 13
522,Address 522,City 5,State 34,Country 31
523,Address 523,City 63,State 47,Country 34
524,Address 524,City 16,State 48,Country 25
525,Address 525,City 33,State 38,Country 46
526,Address 526,City 42,State 36,Country 7
527,Address 527,City 85,State 36,Country 43
528,Address 528,City 38,State 50,Country 46
529,Address 529,City 8,State 35,Country 24
530,Address 530,City 92,State 14,Country 46
531,Address 531,City 47,State 2,Country 1
532,Address 532,City 9,State 36,Country 7
533,Address 533,City 38,State 12,Country 29
534,Address 534,City 53,State 31,Country 38
535,Address 535,City 80,State 20,Country 11
536,Address 536,City 97,State 23,Country 50
537,Address 537,City 14,State 33,Country 27
538,Address 538,City 83,State 27,Country 15
539,Address 539,City 61,State 16,Country 43
540,Address 540,City 83,State 30,Country 3
541,Address 541,City 95,State 28,Country 31
542,Address 542,City 98,State 4,Country 21
543,Address 543,City 58,State 3,Country 35
544,Address 544,City 90,State 33,Country 36
545,Address 545,City 80,State 39,Country 7
546,Address 546,City 86,State 10,Country 9
547,Address 547,City 8,State 3,Country 21
548,Address 548,City 67,State 1,Country 26
549,Address 549,City 56,State 28,Country 48
550,Address 550,City 43,State 31,Country 10
551,Address 551,City 10,State 49,Country 37
552,Address 552,City 53,State 49,Country 11
553,Address 553,City 12,State 8,Country 30
554,Address 554,City 15,State 47,Country 14
555,Address 555,City 43,State 33,Country 9
556,Address 556,City 60,State 49,Country 26
557,Address 557,City 17,State 16,Country 31
558,Address 558,City 30,State 27,Country 44
559,Address 559,City 43,State 40,Country 32
560,Address 560,City 39,State 18,Country 26
561,Address 561,City 58,State 36,Country 45
562,Address 562,City 28,State 13,Country 47
563,Address 563,City 24,State 4,Country 32
564,Address 564,City 46,State 23,Country 28
565,Address 565,City 89,State 21,Country 34
566,Address 566,City 61,State 34,Country 48
567,Address 567,City 19,State 44,Country 4
568,Address 568,City 29,State 44,Country 29
569,Address 569,City 80,State 40,Country 9
570,Address 570,City 60,State 31,Country 4
571,Address 571,City 52,State 26,Country 47
572,Address 572,City 25,State 7,Country 34
573,Address 573,City 71,State 31,Country 4
574,Address 574,City 54,State 15,Country 49
575,Address 575,City 48,State 12,Country 4
576,Address 576,City 61,State 24,Country 21
577,Address 577,City 14,State 42,Country 20
578,Address 578,City 96,State 4,Country 42
579,Address 579,City 63,State 22,Country 44
580,Address 580,City 60,State 31,Country 3
581,Address 581,City 8,State 1,Country 20
582,Address 582,City 14,State 13,Country 39
583,Address 583,City 23,State 18,Country 38
584,Address 584,City 66,State 47,Country 16
585,Address 585,City 57,State 13,Country 27
586,Address 586,City 43,State 10,Country 45
587,Address 587,City 33,State 39,Country 26
588,Address 588,City 73,State 29,Country 15
589,Address 589,City 97,State 21,Country 15
590,Address 590,City 35,State 20,Country 15
591,Address 591,City 64,State 38,Country 9
592,Address 592,City 52,State 47,Country 20
593,Address 593,City 14,State 26,Country 13
594,Address 594,City 95,State 8,Country 13
595,Address 595,City 34,State 34,Country 13
596,Address 596,City 83,State 35,Country 20
597,Address 597,City 10,State 6,Country 43
598,Address 598,City 85,State 19,Country 14
599,Address 599,City 23,State 46,Country 30
600,Address 600,City 75,State 9,Country 45
